order_id,customer_id,customer_name,order_date,product_sku,product_name,quantity,unit_price,order_amount,order_status,region
SO-10001,C-0001,Acme Retail Co,2026-06-01,SKU-100,Wireless Mouse,2,19.99,39.98,COMPLETED,US-EAST
SO-10002,C-0002,Blue Harbor Traders,2026-06-01,SKU-101,Mechanical Keyboard,1,89.50,89.50,COMPLETED,US-WEST
SO-10003,C-0003,Cedar Point Supply,2026-06-02,SKU-102,USB-C Hub,3,24.75,74.25,COMPLETED,EU-WEST
SO-10004,C-0004,Delta Grove Inc,2026-06-02,SKU-100,Wireless Mouse,1,19.99,19.99,PENDING,US-EAST
SO-10005,C-0005,Everline Systems,2026-06-03,SKU-103,27in Monitor,1,249.00,249.00,COMPLETED,US-EAST
SO-10006,C-0002,Blue Harbor Traders,2026-06-03,SKU-104,Laptop Stand,2,34.00,68.00,COMPLETED,US-WEST
SO-10007,C-0006,Fenwick Holdings,2026-06-04,SKU-101,Mechanical Keyboard,1,89.50,89.50,CANCELLED,APAC
SO-10008,C-0007,Granite Peak LLC,2026-06-04,SKU-105,Webcam 1080p,4,45.20,180.80,COMPLETED,EU-WEST
SO-10009,C-0001,Acme Retail Co,2026-06-05,SKU-106,Noise Cancelling Headset,1,129.99,129.99,COMPLETED,US-EAST
SO-10010,C-0008,Harbor Line Corp,2026-06-05,SKU-102,USB-C Hub,2,24.75,49.50,COMPLETED,US-WEST
SO-10011,C-0009,Ironwood Partners,2026-06-06,SKU-103,27in Monitor,2,249.00,498.00,PENDING,APAC
SO-10012,C-0003,Cedar Point Supply,2026-06-06,SKU-107,Desk Lamp,3,15.30,45.90,COMPLETED,EU-WEST
SO-10013,C-0010,Juniper Analytics,2026-06-07,SKU-100,Wireless Mouse,5,19.99,99.95,COMPLETED,US-EAST
SO-10014,C-0004,Delta Grove Inc,2026-06-07,SKU-104,Laptop Stand,1,34.00,34.00,COMPLETED,US-EAST
SO-10015,C-0011,Kestrel Freight,2026-06-08,SKU-108,Ergonomic Chair,1,310.00,310.00,COMPLETED,US-WEST
SO-10016,,Unknown Buyer,2026-06-08,SKU-101,Mechanical Keyboard,1,89.50,89.50,PENDING,EU-WEST
SO-10017,C-0005,Everline Systems,2026-06-09,SKU-105,Webcam 1080p,2,45.20,90.40,COMPLETED,US-EAST
SO-10018,C-0012,Lighthouse Ventures,2026-06-09,SKU-109,Standing Desk,1,420.00,420.00,COMPLETED,APAC
SO-10019,C-0006,Fenwick Holdings,2026-06-10,SKU-106,Noise Cancelling Headset,2,129.99,259.98,COMPLETED,APAC
SO-10020,C-0007,Granite Peak LLC,2026-06-10,SKU-107,Desk Lamp,1,15.30,15.30,CANCELLED,EU-WEST
SO-10021,C-0013,Meridian Foods,2026-06-11,SKU-103,27in Monitor,1,249.00,249.00,COMPLETED,US-WEST
SO-10022,C-0008,Harbor Line Corp,2026-06-11,SKU-108,Ergonomic Chair,2,310.00,620.00,COMPLETED,US-WEST
SO-10023,C-0009,Ironwood Partners,2026-06-12,SKU-100,Wireless Mouse,3,19.99,59.97,COMPLETED,APAC
SO-10024,C-0014,Northgate Media,2026-06-12,SKU-109,Standing Desk,1,420.00,420.00,PENDING,US-EAST
SO-10001,C-0001,Acme Retail Co,2026-06-01,SKU-100,Wireless Mouse,2,19.99,39.98,COMPLETED,US-EAST
SO-10025,C-0010,Juniper Analytics,2026-06-13,SKU-102,USB-C Hub,1,24.75,24.75,COMPLETED,US-EAST
SO-10026,C-0015,Oakfield Devices,2026-06-13,SKU-106,Noise Cancelling Headset,1,129.99,129.99,COMPLETED,EU-WEST
